method,dataset,noise_rate,acc_mean,acc_std,wall_s_avg,cpu_s_avg,gpu_s_avg,wait_s_avg
cp,amazon-ratings,0.1,0.3857,0.0079,279.25,0.05,278.90,803.99
cp,amazon-ratings,0.2,0.3906,0.0065,247.24,0.05,246.97,377.16
cp,amazon-ratings,0.3,0.3767,0.0100,274.32,0.05,273.98,300.95
cp,amazon-ratings,0.4,0.3705,0.0134,256.95,0.05,256.66,0.07
cp,amazon-ratings,0.5,0.3539,0.0216,263.86,0.05,263.56,4.82
cp,amazoncom,0.1,0.8175,0.0167,150.30,0.04,149.97,457.43
cp,amazoncom,0.2,0.7796,0.0324,136.63,0.04,136.34,334.74
cp,amazoncom,0.3,0.7527,0.0328,152.66,0.04,152.33,166.22
cp,amazoncom,0.4,0.6988,0.0504,139.06,0.04,138.76,1.67
cp,amazoncom,0.5,0.6383,0.0391,132.70,0.03,132.44,9.23
cp,amazonpho,0.1,0.8776,0.0259,66.86,0.02,66.65,103.75
cp,amazonpho,0.2,0.8512,0.0458,64.01,0.02,63.85,123.49
cp,amazonpho,0.3,0.8486,0.0419,73.63,0.02,73.42,63.85
cp,amazonpho,0.4,0.7835,0.0542,68.48,0.02,68.29,3.64
cp,amazonpho,0.5,0.6880,0.0894,71.34,0.02,71.10,10.62
cp,blogcatalog,0.1,0.7123,0.0095,54.70,0.05,54.37,117.32
cp,blogcatalog,0.2,0.6861,0.0163,50.43,0.05,50.11,66.21
cp,blogcatalog,0.3,0.6539,0.0270,55.21,0.05,54.87,69.92
cp,blogcatalog,0.4,0.6326,0.0301,49.39,0.05,49.08,7.54
cp,blogcatalog,0.5,0.5519,0.0570,52.71,0.05,52.37,1.57
cp,citeseer,0.1,0.6661,0.0238,26.64,0.02,26.46,30.24
cp,citeseer,0.2,0.6608,0.0283,30.34,0.03,30.10,49.16
cp,citeseer,0.3,0.6335,0.0294,26.74,0.02,26.57,22.81
cp,citeseer,0.4,0.5461,0.0234,29.32,0.03,29.09,19.22
cp,citeseer,0.5,0.4941,0.0258,27.10,0.02,26.93,0.18
cp,cora,0.1,0.7911,0.0198,24.40,0.01,24.21,35.03
cp,cora,0.2,0.7568,0.0173,21.60,0.01,21.47,16.80
cp,cora,0.3,0.7233,0.0290,24.80,0.01,24.61,19.99
cp,cora,0.4,0.6758,0.0540,21.62,0.01,21.49,0.00
cp,cora,0.5,0.5740,0.0486,24.98,0.01,24.79,0.00
cp,dblp,0.1,0.7627,0.0178,162.09,0.07,161.76,257.41
cp,dblp,0.2,0.7542,0.0173,173.17,0.05,172.82,169.78
cp,dblp,0.3,0.7384,0.0115,167.35,0.07,167.01,265.26
cp,dblp,0.4,0.7173,0.0246,181.41,0.07,181.03,1.20
cp,dblp,0.5,0.6359,0.0478,164.70,0.06,164.38,294.38
cp,flickr,0.1,0.5205,0.0142,72.04,0.09,71.45,148.34
cp,flickr,0.2,0.5032,0.0181,80.23,0.09,79.65,81.95
cp,flickr,0.3,0.4654,0.0245,73.84,0.10,73.21,107.01
cp,flickr,0.4,0.4413,0.0311,105.40,0.09,104.82,4.56
cp,flickr,0.5,0.3930,0.0313,74.03,0.09,73.42,57.64
cp,pubmed,0.1,0.7385,0.0209,183.06,0.04,182.79,520.01
cp,pubmed,0.2,0.7266,0.0226,162.39,0.03,162.20,162.89
cp,pubmed,0.3,0.6844,0.0501,180.53,0.04,180.28,118.54
cp,pubmed,0.4,0.6419,0.0636,162.39,0.04,162.20,0.36
cp,pubmed,0.5,0.5124,0.0825,173.27,0.03,173.03,32.46
cp,roman-empire,0.1,0.3452,0.0122,189.77,0.06,189.53,170.14
cp,roman-empire,0.2,0.3383,0.0103,206.28,0.04,206.00,294.50
cp,roman-empire,0.3,0.3218,0.0112,194.16,0.05,193.92,126.37
cp,roman-empire,0.4,0.2963,0.0093,220.23,0.06,219.89,10.56
cp,roman-empire,0.5,0.2556,0.0117,185.85,0.05,185.64,189.20
gcn,amazon-ratings,0.1,0.3869,0.0093,3.88,0.04,3.62,4.05
gcn,amazon-ratings,0.2,0.3875,0.0066,3.68,0.04,3.38,0.00
gcn,amazon-ratings,0.3,0.3782,0.0053,5.41,0.04,5.17,0.58
gcn,amazon-ratings,0.4,0.3673,0.0066,8.84,0.05,8.58,376.75
gcn,amazon-ratings,0.5,0.3570,0.0179,4.75,0.04,4.54,1.14
gcn,amazoncom,0.1,0.8117,0.0214,2.93,0.04,2.61,192.37
gcn,amazoncom,0.2,0.8105,0.0302,3.59,0.04,3.25,1.20
gcn,amazoncom,0.3,0.7768,0.0259,5.04,0.04,4.78,242.79
gcn,amazoncom,0.4,0.7324,0.0515,5.25,0.04,4.88,3.83
gcn,amazoncom,0.5,0.6540,0.0521,5.66,0.04,5.32,248.36
gcn,amazonpho,0.1,0.8913,0.0226,4.42,0.02,4.21,80.77
gcn,amazonpho,0.2,0.8671,0.0306,3.35,0.03,3.12,2.62
gcn,amazonpho,0.3,0.8531,0.0382,2.78,0.02,2.56,181.17
gcn,amazonpho,0.4,0.7854,0.0598,7.78,0.02,7.58,58.51
gcn,amazonpho,0.5,0.6704,0.0804,4.40,0.02,4.24,230.42
gcn,blogcatalog,0.1,0.7228,0.0130,4.35,0.05,4.04,119.93
gcn,blogcatalog,0.2,0.6942,0.0181,3.83,0.04,3.53,0.47
gcn,blogcatalog,0.3,0.6641,0.0327,4.24,0.05,3.93,116.29
gcn,blogcatalog,0.4,0.6347,0.0372,4.00,0.05,3.69,54.33
gcn,blogcatalog,0.5,0.5716,0.0422,4.36,0.05,4.06,317.90
gcn,citeseer,0.1,0.6815,0.0179,2.11,0.02,1.86,96.36
gcn,citeseer,0.2,0.6563,0.0177,2.04,0.03,1.85,0.00
gcn,citeseer,0.3,0.6002,0.0275,1.97,0.03,1.72,53.87
gcn,citeseer,0.4,0.5497,0.0294,2.23,0.02,2.05,0.00
gcn,citeseer,0.5,0.4853,0.0371,1.93,0.02,1.69,94.36
gcn,cora,0.1,0.7844,0.0235,2.43,0.01,2.28,0.26
gcn,cora,0.2,0.7648,0.0227,2.09,0.01,1.89,46.16
gcn,cora,0.3,0.7325,0.0344,2.24,0.01,2.10,0.00
gcn,cora,0.4,0.6789,0.0576,1.98,0.01,1.79,93.78
gcn,cora,0.5,0.5887,0.0412,1.85,0.01,1.71,22.67
gcn,dblp,0.1,0.7477,0.0158,2.65,0.04,2.39,0.16
gcn,dblp,0.2,0.7644,0.0193,7.12,0.07,6.80,462.57
gcn,dblp,0.3,0.7346,0.0210,5.71,0.05,5.44,0.48
gcn,dblp,0.4,0.6951,0.0282,3.39,0.06,3.06,172.52
gcn,dblp,0.5,0.6467,0.0378,2.93,0.05,2.65,0.00
gcn,flickr,0.1,0.5587,0.0094,3.66,0.12,3.04,0.46
gcn,flickr,0.2,0.5388,0.0141,4.10,0.11,3.49,0.33
gcn,flickr,0.3,0.4947,0.0169,3.74,0.14,3.07,0.21
gcn,flickr,0.4,0.4660,0.0148,4.06,0.12,3.42,145.82
gcn,flickr,0.5,0.4134,0.0181,3.36,0.09,2.81,0.00
gcn,pubmed,0.1,0.7519,0.0220,1.98,0.04,1.78,499.69
gcn,pubmed,0.2,0.7178,0.0261,2.78,0.04,2.48,0.18
gcn,pubmed,0.3,0.6751,0.0470,2.08,0.04,1.88,333.07
gcn,pubmed,0.4,0.5910,0.0675,3.94,0.04,3.65,0.00
gcn,pubmed,0.5,0.5269,0.0866,5.36,0.03,5.17,419.54
gcn,roman-empire,0.1,0.3589,0.0069,3.30,0.07,2.87,214.25
gcn,roman-empire,0.2,0.3447,0.0082,3.17,0.07,2.87,0.18
gcn,roman-empire,0.3,0.3512,0.0074,3.07,0.06,2.74,317.99
gcn,roman-empire,0.4,0.3227,0.0074,2.92,0.07,2.63,0.00
gcn,roman-empire,0.5,0.2661,0.0140,2.65,0.07,2.32,232.91
lnpcc,amazon-ratings,0.1,0.3915,0.0079,46.45,43.32,3.09,315.02
lnpcc,amazon-ratings,0.2,0.3859,0.0057,48.12,40.06,8.01,143.58
lnpcc,amazon-ratings,0.3,0.3797,0.0141,50.40,47.67,2.68,221.69
lnpcc,amazon-ratings,0.4,0.3680,0.0119,38.08,34.69,3.34,157.26
lnpcc,amazon-ratings,0.5,0.3558,0.0219,56.69,54.08,2.57,519.91
lnpcc,amazoncom,0.1,0.8198,0.0261,54.62,51.00,3.53,73.34
lnpcc,amazoncom,0.2,0.8080,0.0148,41.85,33.68,8.09,595.28
lnpcc,amazoncom,0.3,0.8000,0.0175,60.16,51.78,8.29,1.01
lnpcc,amazoncom,0.4,0.7153,0.0778,50.22,47.30,2.83,177.68
lnpcc,amazoncom,0.5,0.6819,0.0558,54.74,39.64,15.01,2.44
lnpcc,amazonpho,0.1,0.8963,0.0195,25.31,22.30,2.93,1.37
lnpcc,amazonpho,0.2,0.8767,0.0289,19.99,15.65,4.30,107.46
lnpcc,amazonpho,0.3,0.8503,0.0392,25.76,22.97,2.72,1.14
lnpcc,amazonpho,0.4,0.7820,0.0553,14.39,12.29,2.07,106.73
lnpcc,amazonpho,0.5,0.6863,0.1238,20.11,16.47,3.56,0.82
lnpcc,blogcatalog,0.1,0.7233,0.0177,21.06,18.30,2.69,0.07
lnpcc,blogcatalog,0.2,0.7072,0.0140,32.61,29.20,3.31,78.42
lnpcc,blogcatalog,0.3,0.6747,0.0269,48.28,45.95,2.26,6.57
lnpcc,blogcatalog,0.4,0.6322,0.0413,27.71,24.56,3.06,235.95
lnpcc,blogcatalog,0.5,0.5804,0.0378,27.57,21.03,6.47,0.16
lnpcc,citeseer,0.1,0.6699,0.0258,9.88,7.40,2.44,0.00
lnpcc,citeseer,0.2,0.6574,0.0415,9.01,6.97,2.02,44.50
lnpcc,citeseer,0.3,0.6399,0.0349,27.77,25.94,1.80,0.17
lnpcc,citeseer,0.4,0.5652,0.0367,13.55,11.05,2.47,98.35
lnpcc,citeseer,0.5,0.4863,0.0253,9.21,7.22,1.96,0.04
lnpcc,cora,0.1,0.7925,0.0188,9.11,6.96,2.12,25.42
lnpcc,cora,0.2,0.7588,0.0173,10.07,8.10,1.93,0.18
lnpcc,cora,0.3,0.7428,0.0240,8.55,6.50,2.03,40.13
lnpcc,cora,0.4,0.6917,0.0579,9.07,6.67,2.37,0.56
lnpcc,cora,0.5,0.5628,0.0415,13.54,11.91,1.62,42.99
lnpcc,dblp,0.1,0.7681,0.0154,34.97,31.14,3.77,307.53
lnpcc,dblp,0.2,0.7643,0.0183,42.61,36.65,5.90,1.07
lnpcc,dblp,0.3,0.7392,0.0221,41.28,36.66,4.54,413.99
lnpcc,dblp,0.4,0.6976,0.0297,32.64,29.82,2.77,113.25
lnpcc,dblp,0.5,0.6047,0.0528,34.30,31.26,2.99,262.72
lnpcc,flickr,0.1,0.5611,0.0077,52.04,48.08,3.70,252.36
lnpcc,flickr,0.2,0.5368,0.0145,141.15,137.99,2.92,256.78
lnpcc,flickr,0.3,0.5061,0.0126,117.23,113.28,3.69,195.42
lnpcc,flickr,0.4,0.4773,0.0197,63.98,60.72,3.01,51.68
lnpcc,flickr,0.5,0.4182,0.0238,71.75,67.80,3.70,86.46
lnpcc,pubmed,0.1,0.7485,0.0224,29.27,25.41,3.82,0.00
lnpcc,pubmed,0.2,0.7192,0.0233,33.07,27.18,5.83,495.26
lnpcc,pubmed,0.3,0.6773,0.0593,29.21,23.30,5.88,0.00
lnpcc,pubmed,0.4,0.6187,0.0546,25.72,20.31,5.37,291.99
lnpcc,pubmed,0.5,0.4952,0.0731,34.91,32.20,2.69,0.00
lnpcc,roman-empire,0.1,0.3858,0.0088,292.98,291.16,1.80,0.00
lnpcc,roman-empire,0.2,0.3748,0.0094,258.26,256.05,2.17,0.00
lnpcc,roman-empire,0.3,0.3668,0.0059,229.88,227.41,2.43,0.04
lnpcc,roman-empire,0.4,0.3286,0.0103,173.41,170.85,2.51,0.12
lnpcc,roman-empire,0.5,0.3006,0.0225,107.20,105.65,1.52,0.00
nrgnn,amazon-ratings,0.1,0.3809,0.0089,244.11,13.77,230.06,147.47
nrgnn,amazon-ratings,0.2,0.3816,0.0080,244.08,12.72,231.11,311.21
nrgnn,amazon-ratings,0.3,0.3738,0.0081,246.82,14.29,232.25,243.61
nrgnn,amazon-ratings,0.4,0.3648,0.0089,247.68,13.73,233.70,260.98
nrgnn,amazon-ratings,0.5,0.3520,0.0262,234.06,12.32,218.35,559.35
nrgnn,amazoncom,0.1,0.7891,0.0395,133.70,9.92,123.54,256.28
nrgnn,amazoncom,0.2,0.7628,0.0364,135.58,8.98,126.32,140.21
nrgnn,amazoncom,0.3,0.5931,0.2263,126.06,10.14,115.68,239.21
nrgnn,amazoncom,0.4,0.6770,0.0881,127.42,9.60,117.49,401.45
nrgnn,amazoncom,0.5,0.5643,0.1164,125.78,9.88,115.67,48.56
nrgnn,amazonpho,0.1,0.8731,0.0551,57.50,3.08,54.22,348.07
nrgnn,amazonpho,0.2,0.8185,0.1170,58.33,3.50,54.66,300.79
nrgnn,amazonpho,0.3,0.8258,0.0686,57.97,3.10,54.67,275.07
nrgnn,amazonpho,0.4,0.7885,0.0621,56.52,3.65,52.70,264.81
nrgnn,amazonpho,0.5,0.5952,0.1547,56.97,3.05,53.73,346.11
nrgnn,blogcatalog,0.1,0.7846,0.0264,57.92,14.34,43.20,505.10
nrgnn,blogcatalog,0.2,0.7807,0.0193,59.19,14.73,44.02,170.63
nrgnn,blogcatalog,0.3,0.7477,0.0287,57.85,14.47,43.01,241.65
nrgnn,blogcatalog,0.4,0.7051,0.0449,58.17,14.34,43.42,494.69
nrgnn,blogcatalog,0.5,0.6359,0.0682,57.45,13.97,43.12,234.25
nrgnn,citeseer,0.1,0.7075,0.0150,28.92,2.70,26.07,0.00
nrgnn,citeseer,0.2,0.6975,0.0170,31.32,3.04,28.02,51.77
nrgnn,citeseer,0.3,0.6679,0.0288,30.43,2.70,27.57,0.00
nrgnn,citeseer,0.4,0.6357,0.0310,29.55,2.87,26.46,101.98
nrgnn,citeseer,0.5,0.5412,0.0604,32.53,3.12,29.23,9.04
nrgnn,cora,0.1,0.7490,0.0303,23.57,1.64,21.74,77.21
nrgnn,cora,0.2,0.7572,0.0222,23.34,1.66,21.55,37.05
nrgnn,cora,0.3,0.7439,0.0243,22.57,1.61,20.77,65.41
nrgnn,cora,0.4,0.6984,0.0472,22.83,1.55,21.15,9.63
nrgnn,cora,0.5,0.6664,0.0389,21.67,1.55,19.95,62.67
nrgnn,dblp,0.1,0.7942,0.0096,184.84,17.26,167.22,209.11
nrgnn,dblp,0.2,0.7906,0.0071,178.11,17.02,154.13,3.55
nrgnn,dblp,0.3,0.7662,0.0170,168.78,14.72,153.72,483.92
nrgnn,dblp,0.4,0.7410,0.0220,178.36,17.13,160.86,197.13
nrgnn,dblp,0.5,0.6590,0.0735,163.58,16.00,147.17,422.09
nrgnn,flickr,0.1,0.6143,0.0348,114.27,53.75,59.81,576.63
nrgnn,flickr,0.2,0.5890,0.0321,105.58,49.44,55.49,322.09
nrgnn,flickr,0.3,0.5586,0.0329,111.89,52.13,59.05,459.60
nrgnn,flickr,0.4,0.5266,0.0290,110.08,50.65,58.84,464.48
nrgnn,flickr,0.5,0.4766,0.0312,112.18,52.50,58.98,362.38
nrgnn,pubmed,0.1,0.7116,0.0449,185.69,8.73,176.65,126.52
nrgnn,pubmed,0.2,0.7037,0.0193,139.71,6.83,132.72,235.96
nrgnn,pubmed,0.3,0.6482,0.0577,134.74,5.96,128.57,237.54
nrgnn,pubmed,0.4,0.5877,0.0970,134.05,6.99,126.91,368.78
nrgnn,pubmed,0.5,0.4925,0.0806,153.90,7.90,145.76,421.07
nrgnn,roman-empire,0.1,0.3950,0.0080,214.84,12.84,201.73,465.51
nrgnn,roman-empire,0.2,0.3838,0.0095,222.75,13.71,208.66,609.77
nrgnn,roman-empire,0.3,0.3722,0.0086,227.42,13.96,208.35,390.62
nrgnn,roman-empire,0.4,0.3454,0.0108,165.03,8.91,155.63,546.70
nrgnn,roman-empire,0.5,0.3153,0.0121,169.45,9.34,159.92,211.92
pignn,amazon-ratings,0.1,0.3893,0.0070,179.52,140.44,38.69,950.77
pignn,amazon-ratings,0.2,0.3749,0.0108,184.33,144.71,39.19,525.00
pignn,amazon-ratings,0.3,0.3713,0.0106,178.44,139.42,38.64,410.73
pignn,amazon-ratings,0.4,0.3670,0.0095,228.67,178.47,49.67,579.79
pignn,amazon-ratings,0.5,0.3482,0.0322,193.14,155.78,36.74,447.40
pignn,amazoncom,0.1,0.3351,0.0712,171.08,135.20,35.52,550.93
pignn,amazoncom,0.2,0.2347,0.0932,170.91,135.57,34.85,408.39
pignn,amazoncom,0.3,0.2908,0.1494,173.18,137.39,35.42,403.00
pignn,amazoncom,0.4,0.2300,0.1129,170.71,136.06,34.26,468.80
pignn,amazoncom,0.5,0.3064,0.1478,170.91,135.36,35.18,220.35
pignn,amazonpho,0.1,0.8856,0.0229,122.03,95.00,26.77,307.29
pignn,amazonpho,0.2,0.8693,0.0360,129.37,99.88,29.21,273.20
pignn,amazonpho,0.3,0.8338,0.0410,127.60,97.01,30.08,145.16
pignn,amazonpho,0.4,0.7676,0.0722,130.13,98.41,31.43,202.58
pignn,amazonpho,0.5,0.6725,0.0950,131.35,101.10,30.00,116.06
pignn,blogcatalog,0.1,0.6595,0.0325,140.69,107.43,31.97,371.50
pignn,blogcatalog,0.2,0.6600,0.0309,145.62,112.38,32.80,263.76
pignn,blogcatalog,0.3,0.5740,0.0587,135.35,105.83,28.81,228.00
pignn,blogcatalog,0.4,0.5143,0.0543,142.80,108.63,33.75,182.74
pignn,blogcatalog,0.5,0.4798,0.0554,141.82,109.79,31.65,118.64
pignn,citeseer,0.1,0.6992,0.0152,16.12,0.02,15.78,115.47
pignn,citeseer,0.2,0.6927,0.0151,12.76,0.02,12.48,32.44
pignn,citeseer,0.3,0.6632,0.0220,14.65,0.02,14.28,38.20
pignn,citeseer,0.4,0.6167,0.0239,12.82,0.02,12.54,44.38
pignn,citeseer,0.5,0.5651,0.0355,14.79,0.02,14.44,100.05
pignn,cora,0.1,0.7957,0.0100,9.90,0.01,9.67,41.34
pignn,cora,0.2,0.7663,0.0221,12.33,0.01,12.04,74.60
pignn,cora,0.3,0.7297,0.0372,12.76,0.01,12.51,41.89
pignn,cora,0.4,0.7208,0.0372,10.20,0.01,9.94,30.57
pignn,cora,0.5,0.6245,0.0566,12.99,0.01,12.74,52.21
pignn,dblp,0.1,0.6463,0.0754,177.20,139.23,37.49,289.94
pignn,dblp,0.2,0.5985,0.1193,168.94,135.95,32.57,806.28
pignn,dblp,0.3,0.5982,0.0719,173.43,135.76,37.20,419.46
pignn,dblp,0.4,0.6155,0.0921,181.37,143.52,37.29,445.70
pignn,dblp,0.5,0.5683,0.1038,172.94,135.02,37.47,430.14
pignn,flickr,0.1,0.5292,0.0159,140.82,105.71,34.52,338.80
pignn,flickr,0.2,0.5160,0.0123,133.89,101.06,32.21,359.07
pignn,flickr,0.3,0.4891,0.0155,141.13,105.01,35.55,235.76
pignn,flickr,0.4,0.4618,0.0110,132.11,99.32,32.18,235.65
pignn,flickr,0.5,0.4154,0.0228,131.74,99.22,31.97,148.19
pignn,pubmed,0.1,0.4149,0.0163,151.40,116.06,35.05,485.76
pignn,pubmed,0.2,0.4182,0.0236,143.65,109.58,33.43,378.93
pignn,pubmed,0.3,0.4031,0.0431,143.78,108.85,34.66,368.12
pignn,pubmed,0.4,0.4187,0.0241,148.10,113.79,33.97,587.16
pignn,pubmed,0.5,0.3463,0.1092,150.32,114.15,35.89,474.69
pignn,roman-empire,0.1,0.1609,0.0341,148.24,113.12,34.77,624.96
pignn,roman-empire,0.2,0.1452,0.0154,142.32,106.76,35.08,563.31
pignn,roman-empire,0.3,0.1526,0.0225,139.50,104.16,35.02,548.51
pignn,roman-empire,0.4,0.1517,0.0315,150.07,113.94,35.86,640.24
pignn,roman-empire,0.5,0.1576,0.0303,162.02,114.95,46.72,457.83
